Workbook

Sheet Vulnerability Detection - GPT4o
B1: Baseline (description + file) | C1: Baseline (description + method) | D1: Baseline (description + hunk) | E1: Baseline (description) | F1: Fine-tuned (description + file) | G1: Fine-tuned (description + method) | H1: Fine-tuned (description + hunk) | I1: Fine-tuned (description)
A2: Is_vulnerable = Null | B2: 0 | C2: 0 | D2: 1 | E2: 0 | F2: 0 | G2: 0 | H2: 0 | I2: 0
A3: Correct Is_vulnerable | B3: 328 | C3: 328 | D3: 327 | E3: 328 | F3: 328 | G3: 328 | H3: 328 | I3: 328
A4: Incorrect Is_vulnerable | B4: 0 | C4: 0 | D4: 0 | E4: 0 | F4: 0 | G4: 0 | H4: 0 | I4: 0
A5: Is_sec_vulnerable = Null | B5: 0 | C5: 0 | D5: 1 | E5: 0 | F5: 0 | G5: 0 | H5: 0 | I5: 0
A6: Correct Is_sec_vulnerable | B6: 328 | C6: 326 | D6: 325 | E6: 323 | F6: 328 | G6: 328 | H6: 328 | I6: 328
A7: Incorrect Is_sec_vulnerable | B7: 0 | C7: 2 | D7: 2 | E7: 5 | F7: 0 | G7: 0 | H7: 0 | I7: 0
A8: CWE = Null | B8: 0 | C8: 0 | D8: 1 | E8: 0 | F8: 2 | G8: 1 | H8: 0 | I8: 0
A9: CWE = [] | B9: 0 | C9: 0 | D9: 2 | E9: 2 | F9: 0 | G9: 0 | H9: 0 | I9: 0
A10: Correct CWE | B10: 98 | C10: 84 | D10: 94 | E10: 81 | F10: 127 | G10: 125 | H10: 124 | I10: 129
A11: gt CWE ⊆ pr CWE | B11: 161 | C11: 153 | D11: 159 | E11: 152 | F11: 150 | G11: 142 | H11: 144 | I11: 148
A12: pr CWE ⊆ gt CWE | B12: 111 | C12: 96 | D12: 108 | E12: 92 | F12: 149 | G12: 147 | H12: 142 | I12: 152
A13: Overlapped CWE | B13: 12 | C13: 18 | D13: 10 | E13: 18 | F13: 8 | G13: 2 | H13: 5 | I13: 6
... A34: Overall (gt CWE ⊆ pr CWE, 1.5) | B34: 38 | C34: 34 | D34: 34 | E34: 35 | F34: 16 | G34: 33 | H34: 17 | I34: 33
A38: Total Number of Records | B38: 328

Sheet Vul. Det. Noise - GPT
B1: baseline - 0 noise | C1: baseline - 1 noise | D1: baseline - 2 noises | E1: baseline - 3 noises | F1: baseline - 4 noises | G1: baseline - 5 noises | H1: CASEY - 0 noise | I1: CASEY - 1 noises | J1: CASEY - 2 noises | K1: CASEY - 3 noises | L1: CASEY - 4 noises | M1: CASEY - 5 noises
A2: Is_vulnerable = Null | B2: 0 | C2: 0 | D2: 0 | E2: 0 | F2: 0 | G2: 0 | H2: 1 | I2: 0 | J2: 0 | K2: 0 | L2: 0 | M2: 1
A3: Correct Is_vulnerable | B3: 100 | C3: 100 | D3: 100 | E3: 100 | F3: 100 | G3: 100 | H3: 99 | I3: 100 | J3: 100 | K3: 100 | L3: 100 | M3: 99
A4: Incorrect Is_vulnerable | B4: 0 | C4: 0 | D4: 0 | E4: 0 | F4: 0 | G4: 0 | H4: 0 | I4: 0 | J4: 0 | K4: 0 | L4: 0 | M4: 0
A5: Is_sec_vulnerable = Null | B5: 0 | C5: 0 | D5: 0 | E5: 0 | F5: 0 | G5: 0 | H5: 1 | I5: 0 | J5: 0 | K5: 0 | L5: 0 | M5: 1
A6: Correct Is_sec_vulnerable | B6: 99 | C6: 99 | D6: 99 | E6: 99 | F6: 99 | G6: 99 | H6: 99 | I6: 100 | J6: 100 | K6: 100 | L6: 100 | M6: 99
A7: Incorrect Is_sec_vulnerable | B7: 1 | C7: 1 | D7: 1 | E7: 1 | F7: 1 | G7: 1 | H7: 0 | I7: 0 | J7: 0 | K7: 0 | L7: 0 | M7: 0
A8: CWE = Null | B8: 0 | C8: 0 | D8: 0 | E8: 0 | F8: 0 | G8: 0 | H8: 1 | I8: 0 | J8: 0 | K8: 0 | L8: 0 | M8: 1
A9: CWE = [] | B9: 1 | C9: 1 | D9: 0 | E9: 1 | F9: 1 | G9: 0 | H9: 0 | I9: 0 | J9: 0 | K9: 0 | L9: 0 | M9: 0
A10: Correct CWE | B10: 29 | C10: 23 | D10: 27 | E10: 27 | F10: 28 | G10: 25 | H10: 40 | I10: 42 | J10: 42 | K10: 44 | L10: 42 | M10: 41
A11: gt CWE ⊆ pr CWE | B11: 48 | C11: 41 | D11: 47 | E11: 46 | F11: 44 | G11: 45 | H11: 43 | I11: 43 | J11: 47 | K11: 47 | L11: 45 | M11: 45
A12: pr CWE ⊆ gt CWE | B12: 34 | C12: 27 | D12: 29 | E12: 29 | F12: 30 | G12: 28 | H12: 45 | I12: 47 | J12: 47 | K12: 49 | L12: 46 | M12: 47
A13: Overlapped CWE | B13: 3 | C13: 8 | D13: 7 | E13: 6 | F13: 8 | G13: 7 | H13: 3 | I13: 3 | J13: 4 | K13: 2 | L13: 2 | M13: 3
... A51: Severity Label F1-score - CRITICAL | B51: 0.353 | C51: 0.267 | D51: 0.3 | E51: 0.353 | F51: 0.353 | G51: 0.25 | H51: 0.333 | I51: 0.5 | J51: 0.364 | K51: 0.429 | L51: 0.571 | M51: 0.308
A53: Type | B53: desription + method
A54: Total Number of Records | B54: 100
B57: Applying noises
A58: baseline - gpt
B59: 0 | C59: 1 | D59: 2 | E59: 3 | F59: 4 | G59: 5
A60: is vulnerable | B60: 100 | C60: 100 | D60: 100 | E60: 100 | F60: 100 | G60: 100
A61: is security vulnerable | B61: 99 | C61: 99 | D61: 99 | E61: 99 | F61: 99 | G61: 99
A62: cwe identification | B62: 27 | C62: 19 | D62: 21 | E62: 21 | F62: 22 | G62: 19
A63: severity identification | B63: 34 | C63: 30 | D63: 30 | E63: 31 | F63: 28 | G63: 29
A64: CVSS score (threshold=0) | B64: 4 | C64: 4 | D64: 3 | E64: 4 | F64: 4 | G64: 4
A66: gpt
B67: 0 | C67: 1 | D67: 2 | E67: 3 | F67: 4 | G67: 5
A68: is vulnerable | B68: 99 | C68: 99 | D68: 99 | E68: 99 | F68: 99 | G68: 98
A69: is security vulnerable | B69: 100 | C69: 100 | D69: 100 | E69: 100 | F69: 100 | G69: 99
A70: cwe identification | B70: 41 | C70: 39 | D70: 39 | E70: 39 | F70: 39 | G70: 37
A71: severity identification | B71: 53 | C71: 48 | D71: 47 | E71: 46 | F71: 46 | G71: 46
A72: CVSS score (threshold=0) | B72: 8 | C72: 7 | D72: 6 | E72: 6 | F72: 6 | G72: 6
A74: gpt - deviation from 0 noises
B75: 0 | C75: 1 | D75: 2 | E75: 3 | F75: 4 | G75: 5
A76: is vulnerable | B76: 0 | C76: =B68-C68 -> 0 | D76: =B68-D68 -> 0 | E76: =B68-E68 -> 0 | F76: =B68-F68 -> 0 | G76: =B68-G68 -> 1
A77: is security vulnerable | B77: 0 | C77: =B69-C69 -> 0 | D77: =B69-D69 -> 0 | E77: =B69-E69 -> 0 | F77: =B69-F69 -> 0 | G77: =B69-G69 -> 1
A78: cwe identification | B78: 0 | C78: =B70-C70 -> 2 | D78: =B70-D70 -> 2 | E78: =B70-E70 -> 2 | F78: =B70-F70 -> 2 | G78: =B70-G70 -> 4
A79: severity identification | B79: 0 | C79: =B71-C71 -> 5 | D79: =B71-D71 -> 6 | E79: =B71-E71 -> 7 | F79: =B71-F71 -> 7 | G79: =B71-G71 -> 7
A80: CVSS score (threshold=0) | B80: 0 | C80: =B72-C72 -> 1 | D80: =B72-D72 -> 2 | E80: =B72-E72 -> 2 | F80: =B72-F72 -> 2 | G80: =B72-G72 -> 2
C142: B

Sheet Vulnerability Detection - LLAMA
B1: Baseline (description + file) | C1: Baseline (description + method) | D1: Baseline (description + hunk) | E1: Baseline (description) | F1: Fine-tuned (description + file) | G1: Fine-tuned (description + method) | H1: Fine-tuned (description + hunk) | I1: Fine-tuned (description)
A2: Is_vulnerable = Null | B2: 1 | C2: 0 | D2: 0 | E2: 8 | F2: 0 | G2: 0 | H2: 0 | I2: 0
A3: Correct Is_vulnerable | B3: 327 | C3: 328 | D3: 328 | E3: 309 | F3: 328 | G3: 328 | H3: 328 | I3: 328
A4: Incorrect Is_vulnerable | B4: 0 | C4: 0 | D4: 0 | E4: 11 | F4: 0 | G4: 0 | H4: 0 | I4: 0
A5: Is_sec_vulnerable = Null | B5: 1 | C5: 0 | D5: 0 | E5: 8 | F5: 0 | G5: 0 | H5: 0 | I5: 0
A6: Correct Is_sec_vulnerable | B6: 327 | C6: 328 | D6: 328 | E6: 310 | F6: 328 | G6: 328 | H6: 328 | I6: 328
A7: Incorrect Is_sec_vulnerable | B7: 0 | C7: 0 | D7: 0 | E7: 10 | F7: 0 | G7: 0 | H7: 0 | I7: 0
A8: CWE = Null | B8: 1 | C8: 0 | D8: 0 | E8: 8 | F8: 0 | G8: 0 | H8: 0 | I8: 0
A9: CWE = [] | B9: 0 | C9: 0 | D9: 0 | E9: 11 | F9: 0 | G9: 0 | H9: 0 | I9: 0
A10: Correct CWE | B10: 0 | C10: 0 | D10: 0 | E10: 0 | F10: 95 | G10: 105 | H10: 104 | I10: 113
A11: gt CWE ⊆ pr CWE | B11: 46 | C11: 52 | D11: 49 | E11: 58 | F11: 95 | G11: 105 | H11: 104 | I11: 113
A12: pr CWE ⊆ gt CWE | B12: 2 | C12: 2 | D12: 2 | E12: 2 | F12: 108 | G12: 118 | H12: 119 | I12: 126
A13: Overlapped CWE | B13: 11 | C13: 8 | D13: 8 | E13: 10 | F13: 0 | G13: 0 | H13: 0 | I13: 0
... A34: Overall (gt CWE ⊆ pr CWE, 1.5) | B34: 0 | C34: 16 | D34: 8 | E34: 12 | F34: 22 | G34: 14 | H34: 23 | I34: 31
A38: Total Number of Records | B38: 328

Sheet Vul. Det. Noise - LLAMA
B1: 0 noise | C1: 1 noise | D1: 2 noises | E1: 3 noises | F1: 4 noises | G1: 5 noises | H1: CASEY - 0 noise | I1: CASEY - 1 noises | J1: CASEY - 2 noises | K1: CASEY - 3 noises | L1: CASEY - 4 noises | M1: CASEY - 5 noises
A2: Is_vulnerable = Null | B2: 0 | C2: 0 | D2: 0 | E2: 0 | F2: 0 | G2: 0 | H2: 0 | I2: 0 | J2: 0 | K2: 0 | L2: 0 | M2: 0
A3: Correct Is_vulnerable | B3: 99 | C3: 100 | D3: 100 | E3: 99 | F3: 100 | G3: 100 | H3: 100 | I3: 100 | J3: 100 | K3: 100 | L3: 100 | M3: 100
A4: Incorrect Is_vulnerable | B4: 1 | C4: 0 | D4: 0 | E4: 1 | F4: 0 | G4: 0 | H4: 0 | I4: 0 | J4: 0 | K4: 0 | L4: 0 | M4: 0
A5: Is_sec_vulnerable = Null | B5: 0 | C5: 0 | D5: 0 | E5: 0 | F5: 0 | G5: 0 | H5: 0 | I5: 0 | J5: 0 | K5: 0 | L5: 0 | M5: 0
A6: Correct Is_sec_vulnerable | B6: 99 | C6: 100 | D6: 100 | E6: 99 | F6: 99 | G6: 99 | H6: 100 | I6: 100 | J6: 100 | K6: 100 | L6: 100 | M6: 100
A7: Incorrect Is_sec_vulnerable | B7: 1 | C7: 0 | D7: 0 | E7: 1 | F7: 1 | G7: 1 | H7: 0 | I7: 0 | J7: 0 | K7: 0 | L7: 0 | M7: 0
A8: CWE = Null | B8: 0 | C8: 0 | D8: 0 | E8: 0 | F8: 0 | G8: 0 | H8: 0 | I8: 0 | J8: 0 | K8: 0 | L8: 0 | M8: 0
A9: CWE = [] | B9: 1 | C9: 0 | D9: 0 | E9: 1 | F9: 1 | G9: 1 | H9: 0 | I9: 0 | J9: 0 | K9: 0 | L9: 0 | M9: 0
A10: Correct CWE | B10: 0 | C10: 0 | D10: 0 | E10: 0 | F10: 0 | G10: 0 | H10: 32 | I10: 32 | J10: 32 | K10: 32 | L10: 32 | M10: 31
A11: gt CWE ⊆ pr CWE | B11: 17 | C11: 12 | D11: 13 | E11: 12 | F11: 13 | G11: 10 | H11: 32 | I11: 32 | J11: 32 | K11: 32 | L11: 32 | M11: 31
A12: pr CWE ⊆ gt CWE | B12: 1 | C12: 1 | D12: 3 | E12: 1 | F12: 1 | G12: 1 | H12: 36 | I12: 36 | J12: 36 | K12: 36 | L12: 36 | M12: 35
A13: Overlapped CWE | B13: 3 | C13: 4 | D13: 1 | E13: 4 | F13: 3 | G13: 2 | H13: 0 | I13: 0 | J13: 0 | K13: 0 | L13: 0 | M13: 0
... A51: Severity Label F1-score - CRITICAL | B51: 0.279 | C51: 0.24 | D51: 0.28 | E51: 0.25 | F51: 0.304 | G51: 0.308 | H51: 0.067 | I51: 0.114 | J51: 0.062 | K51: 0.114 | L51: 0.167 | M51: 0.158
A53: Type | B53: desription + method
A54: Total Number of Records | B54: 100
B57: Applying noises
A58: baseline - llama
B59: 0 | C59: 1 | D59: 2 | E59: 3 | F59: 4 | G59: 5
A60: is vulnerable | B60: 99 | C60: 99 | D60: 99 | E60: 99 | F60: 99 | G60: 99
A61: is security vulnerable | B61: 99 | C61: 99 | D61: 99 | E61: 99 | F61: 99 | G61: 99
A62: cwe identification | B62: 0 | C62: 0 | D62: 0 | E62: 0 | F62: 0 | G62: 0
A63: severity identification | B63: 45 | C63: 38 | D63: 38 | E63: 38 | F63: 36 | G63: 36
A64: CVSS score (threshold=0) | B64: 3 | C64: 2 | D64: 2 | E64: 3 | F64: 3 | G64: 3
A66: llama
B67: 0 | C67: 1 | D67: 2 | E67: 3 | F67: 4 | G67: 5
A68: is vulnerable | B68: 100 | C68: 100 | D68: 100 | E68: 100 | F68: 100 | G68: 100
A69: is security vulnerable | B69: 100 | C69: 100 | D69: 100 | E69: 100 | F69: 100 | G69: 100
A70: cwe identification | B70: 32 | C70: 31 | D70: 31 | E70: 31 | F70: 31 | G70: 31
A71: severity identification | B71: 27 | C71: 25 | D71: 21 | E71: 21 | F71: 21 | G71: 17
A72: CVSS score (threshold=0) | B72: 4 | C72: 3 | D72: 3 | E72: 3 | F72: 3 | G72: 3
A74: llama- deviation from 0 noises
B75: 0 | C75: 1 | D75: 2 | E75: 3 | F75: 4 | G75: 5
A76: is vulnerable | B76: 0 | C76: =B68-C68 -> 0 | D76: =B68-D68 -> 0 | E76: =B68-E68 -> 0 | F76: =B68-F68 -> 0 | G76: =B68-G68 -> 0
A77: is security vulnerable | B77: 0 | C77: =B69-C69 -> 0 | D77: =B69-D69 -> 0 | E77: =B69-E69 -> 0 | F77: =B69-F69 -> 0 | G77: =B69-G69 -> 0
A78: cwe identification | B78: 0 | C78: =B70-C70 -> 1 | D78: =B70-D70 -> 1 | E78: =B70-E70 -> 1 | F78: =B70-F70 -> 1 | G78: =B70-G70 -> 1
A79: severity identification | B79: 0 | C79: =B71-C71 -> 2 | D79: =B71-D71 -> 6 | E79: =B71-E71 -> 6 | F79: =B71-F71 -> 6 | G79: =B71-G71 -> 10
A80: CVSS score (threshold=0) | B80: 0 | C80: =B72-C72 -> 1 | D80: =B72-D72 -> 1 | E80: =B72-E72 -> 1 | F80: =B72-F72 -> 1 | G80: =B72-G72 -> 1
H86: ›

Sheet GPT4o Plots
C1: Percentage | G1: Baseline (Raw) | AA1: Generated By Python
B2: Metric | C2: Input Type | D2: Baseline | E2: Fine-tuned | G2: Metric | H2: Minimum Threshold | I2: Description + file | J2: Description + method | K2: Description + hunk | L2: Description
B3: Correct Is_vulnerable | C3: Description + File | D3: ='Vulnerability Detection - GPT4o'!B3/'Vulnerability Detection - GPT4o'!B38*100 -> 100 | E3: ='Vulnerability Detection - GPT4o'!F3/'Vulnerability Detection - GPT4o'!B38*100 -> 100 | G3: Score Proximity | H3: 0 | I3: ='Vulnerability Detection - GPT4o'!B19 -> 18 | J3: ='Vulnerability Detection - GPT4o'!C19 -> 18 | K3: ='Vulnerability Detection - GPT4o'!D19 -> 17 | L3: ='Vulnerability Detection - GPT4o'!E19 -> 15
B4: Correct Is_vulnerable | C4: Description + Method | D4: ='Vulnerability Detection - GPT4o'!C3/'Vulnerability Detection - GPT4o'!B38*100 -> 100 | E4: ='Vulnerability Detection - GPT4o'!G3/'Vulnerability Detection - GPT4o'!B38*100 -> 100 | G4: Score Proximity | H4: 0.5 | I4: ='Vulnerability Detection - GPT4o'!B20 -> 34 | J4: ='Vulnerability Detection - GPT4o'!C20 -> 42 | K4: ='Vulnerability Detection - GPT4o'!D20 -> 43 | L4: ='Vulnerability Detection - GPT4o'!E20 -> 43
B5: Correct Is_vulnerable | C5: Description + Hunk | D5: ='Vulnerability Detection - GPT4o'!D3/'Vulnerability Detection - GPT4o'!B38*100 -> 99.695122 | E5: ='Vulnerability Detection - GPT4o'!H3/'Vulnerability Detection - GPT4o'!B38*100 -> 100 | G5: Score Proximity | H5: 1 | I5: ='Vulnerability Detection - GPT4o'!B21 -> 70 | J5: ='Vulnerability Detection - GPT4o'!C21 -> 78 | K5: ='Vulnerability Detection - GPT4o'!D21 -> 78 | L5: ='Vulnerability Detection - GPT4o'!E21 -> 78
B6: Correct Is_vulnerable | C6: Description | D6: ='Vulnerability Detection - GPT4o'!E3/'Vulnerability Detection - GPT4o'!B38*100 -> 100 | E6: ='Vulnerability Detection - GPT4o'!I3/'Vulnerability Detection - GPT4o'!B38*100 -> 100 | G6: Score Proximity | H6: 1.5 | I6: ='Vulnerability Detection - GPT4o'!B22 -> 61 | J6: ='Vulnerability Detection - GPT4o'!C22 -> 51 | K6: ='Vulnerability Detection - GPT4o'!D22 -> 56 | L6: ='Vulnerability Detection - GPT4o'!E22 -> 59
B7: Correct Is_sec_vulnerable | C7: Description + File | D7: ='Vulnerability Detection - GPT4o'!B6/'Vulnerability Detection - GPT4o'!B38*100 -> 100 | E7: ='Vulnerability Detection - GPT4o'!F6/'Vulnerability Detection - GPT4o'!B38*100 -> 100 | G7: Baseline (Raw)
B8: Correct Is_sec_vulnerable | C8: Description + Method | D8: ='Vulnerability Detection - GPT4o'!C6/'Vulnerability Detection - GPT4o'!B38*100 -> 99.390244 | E8: ='Vulnerability Detection - GPT4o'!G6/'Vulnerability Detection - GPT4o'!B38*100 -> 100 | G8: Metric | H8: Minimum Threshold | I8: Description + file | J8: Description + method | K8: Description + hunk | L8: Description
B9: Correct Is_sec_vulnerable | C9: Description + Hunk | D9: ='Vulnerability Detection - GPT4o'!D6/'Vulnerability Detection - GPT4o'!B38*100 -> 99.085366 | E9: ='Vulnerability Detection - GPT4o'!H6/'Vulnerability Detection - GPT4o'!B38*100 -> 100 | G9: Overall (pr CWE = gt) | H9: 0 | I9: ='Vulnerability Detection - GPT4o'!B23 -> 5 | J9: ='Vulnerability Detection - GPT4o'!C23 -> 6 | K9: ='Vulnerability Detection - GPT4o'!D23 -> 6 | L9: ='Vulnerability Detection - GPT4o'!E23 -> 5
B10: Correct Is_sec_vulnerable | C10: Description | D10: ='Vulnerability Detection - GPT4o'!E6/'Vulnerability Detection - GPT4o'!B38*100 -> 98.47561 | E10: ='Vulnerability Detection - GPT4o'!I6/'Vulnerability Detection - GPT4o'!B38*100 -> 100 | G10: Overall (pr CWE = gt) | H10: 0.5 | I10: ='Vulnerability Detection - GPT4o'!B24 -> 12 | J10: ='Vulnerability Detection - GPT4o'!C24 -> 12 | K10: ='Vulnerability Detection - GPT4o'!D24 -> 13 | L10: ='Vulnerability Detection - GPT4o'!E24 -> 9
B11: Empty CWE | C11: Description + File | D11: ='Vulnerability Detection - GPT4o'!B9/'Vulnerability Detection - GPT4o'!B38*100 -> 0 | E11: ='Vulnerability Detection - GPT4o'!F9/'Vulnerability Detection - GPT4o'!B38*100 -> 0 | G11: Overall (pr CWE = gt) | H11: 1 | I11: ='Vulnerability Detection - GPT4o'!B25 -> 21 | J11: ='Vulnerability Detection - GPT4o'!C25 -> 14 | K11: ='Vulnerability Detection - GPT4o'!D25 -> 22 | L11: ='Vulnerability Detection - GPT4o'!E25 -> 19
B12: Empty CWE | C12: Description + Method | D12: ='Vulnerability Detection - GPT4o'!C9/'Vulnerability Detection - GPT4o'!B38*100 -> 0 | E12: ='Vulnerability Detection - GPT4o'!G9/'Vulnerability Detection - GPT4o'!B38*100 -> 0 | G12: Overall (pr CWE = gt) | H12: 1.5 | I12: ='Vulnerability Detection - GPT4o'!B26 -> 28 | J12: ='Vulnerability Detection - GPT4o'!C26 -> 26 | K12: ='Vulnerability Detection - GPT4o'!D26 -> 27 | L12: ='Vulnerability Detection - GPT4o'!E26 -> 24
B13: Empty CWE | C13: Description + Hunk | D13: ='Vulnerability Detection - GPT4o'!D9/'Vulnerability Detection - GPT4o'!B38*100 -> 0.6097561 | E13: ='Vulnerability Detection - GPT4o'!H9/'Vulnerability Detection - GPT4o'!B38*100 -> 0 | G13: Baseline (Raw)
B14: Empty CWE | C14: Description | D14: ='Vulnerability Detection - GPT4o'!E9/'Vulnerability Detection - GPT4o'!B38*100 -> 0.6097561 | E14: ='Vulnerability Detection - GPT4o'!I9/'Vulnerability Detection - GPT4o'!B38*100 -> 0 | G14: Metric | H14: Minimum Threshold | I14: Description + file | J14: Description + method | K14: Description + hunk | L14: Description
B15: Correct CWE | C15: Description + File | D15: ='Vulnerability Detection - GPT4o'!B10/'Vulnerability Detection - GPT4o'!B38*100 -> 29.878049 | E15: ='Vulnerability Detection - GPT4o'!F10/'Vulnerability Detection - GPT4o'!B38*100 -> 38.719512 | G15: Overall (pr CWE ⊆ gt) | H15: 0 | I15: ='Vulnerability Detection - GPT4o'!B27 -> 5 | J15: ='Vulnerability Detection - GPT4o'!C27 -> 7 | K15: ='Vulnerability Detection - GPT4o'!D27 -> 6 | L15: ='Vulnerability Detection - GPT4o'!E27 -> 5
B16: Correct CWE | C16: Description + Method | D16: ='Vulnerability Detection - GPT4o'!C10/'Vulnerability Detection - GPT4o'!B38*100 -> 25.609756 | E16: ='Vulnerability Detection - GPT4o'!G10/'Vulnerability Detection - GPT4o'!B38*100 -> 38.109756 | G16: Overall (pr CWE ⊆ gt) | H16: 0.5 | I16: ='Vulnerability Detection - GPT4o'!B28 -> 13 | J16: ='Vulnerability Detection - GPT4o'!C28 -> 15 | K16: ='Vulnerability Detection - GPT4o'!D28 -> 16 | L16: ='Vulnerability Detection - GPT4o'!E28 -> 10
B17: Correct CWE | C17: Description + Hunk | D17: ='Vulnerability Detection - GPT4o'!D10/'Vulnerability Detection - GPT4o'!B38*100 -> 28.658537 | E17: ='Vulnerability Detection - GPT4o'!H10/'Vulnerability Detection - GPT4o'!B38*100 -> 37.804878 | G17: Overall (pr CWE ⊆ gt) | H17: 1 | I17: ='Vulnerability Detection - GPT4o'!B29 -> 25 | J17: ='Vulnerability Detection - GPT4o'!C29 -> 17 | K17: ='Vulnerability Detection - GPT4o'!D29 -> 25 | L17: ='Vulnerability Detection - GPT4o'!E29 -> 22
B18: Correct CWE | C18: Description | D18: ='Vulnerability Detection - GPT4o'!E10/'Vulnerability Detection - GPT4o'!B38*100 -> 24.695122 | E18: ='Vulnerability Detection - GPT4o'!I10/'Vulnerability Detection - GPT4o'!B38*100 -> 39.329268 | G18: Overall (pr CWE ⊆ gt) | H18: 1.5 | I18: ='Vulnerability Detection - GPT4o'!B30 -> 28 | J18: ='Vulnerability Detection - GPT4o'!C30 -> 26 | K18: ='Vulnerability Detection - GPT4o'!D30 -> 28 | L18: ='Vulnerability Detection - GPT4o'!E30 -> 26
B19: gt CWE ⊆ pr CWE | C19: Description + File | D19: ='Vulnerability Detection - GPT4o'!B11/'Vulnerability Detection - GPT4o'!B38*100 -> 49.085366 | E19: ='Vulnerability Detection - GPT4o'!F11/'Vulnerability Detection - GPT4o'!B38*100 -> 45.731707 | G19: Baseline (Raw)
B20: gt CWE ⊆ pr CWE | C20: Description + Method | D20: ='Vulnerability Detection - GPT4o'!C11/'Vulnerability Detection - GPT4o'!B38*100 -> 46.646341 | E20: ='Vulnerability Detection - GPT4o'!G11/'Vulnerability Detection - GPT4o'!B38*100 -> 43.292683 | G20: Metric | H20: Minimum Threshold | I20: Description + file | J20: Description + method | K20: Description + hunk | L20: Description
B21: gt CWE ⊆ pr CWE | C21: Description + Hunk | D21: ='Vulnerability Detection - GPT4o'!D11/'Vulnerability Detection - GPT4o'!B38*100 -> 48.47561 | E21: ='Vulnerability Detection - GPT4o'!H11/'Vulnerability Detection - GPT4o'!B38*100 -> 43.902439 | G21: Overall (gt CWE ⊆ pr) | H21: 0 | I21: ='Vulnerability Detection - GPT4o'!B31 -> 8 | J21: ='Vulnerability Detection - GPT4o'!C31 -> 10 | K21: ='Vulnerability Detection - GPT4o'!D31 -> 10 | L21: ='Vulnerability Detection - GPT4o'!E31 -> 8
B22: gt CWE ⊆ pr CWE | C22: Description | D22: ='Vulnerability Detection - GPT4o'!E11/'Vulnerability Detection - GPT4o'!B38*100 -> 46.341463 | E22: ='Vulnerability Detection - GPT4o'!I11/'Vulnerability Detection - GPT4o'!B38*100 -> 45.121951 | G22: Overall (gt CWE ⊆ pr) | H22: 0.5 | I22: ='Vulnerability Detection - GPT4o'!B32 -> 23 | J22: ='Vulnerability Detection - GPT4o'!C32 -> 22 | K22: ='Vulnerability Detection - GPT4o'!D32 -> 24 | L22: ='Vulnerability Detection - GPT4o'!E32 -> 25
B23: pr CWE ⊆ gt CWE | C23: Description + File | D23: ='Vulnerability Detection - GPT4o'!B12/'Vulnerability Detection - GPT4o'!B38*100 -> 33.841463 | E23: ='Vulnerability Detection - GPT4o'!F12/'Vulnerability Detection - GPT4o'!B38*100 -> 45.426829 | G23: Overall (gt CWE ⊆ pr) | H23: 1 | I23: ='Vulnerability Detection - GPT4o'!B33 -> 32 | J23: ='Vulnerability Detection - GPT4o'!C33 -> 34 | K23: ='Vulnerability Detection - GPT4o'!D33 -> 38 | L23: ='Vulnerability Detection - GPT4o'!E33 -> 38
B24: pr CWE ⊆ gt CWE | C24: Description + Method | D24: ='Vulnerability Detection - GPT4o'!C12/'Vulnerability Detection - GPT4o'!B38*100 -> 29.268293 | E24: ='Vulnerability Detection - GPT4o'!G12/'Vulnerability Detection - GPT4o'!B38*100 -> 44.817073 | G24: Overall (gt CWE ⊆ pr) | H24: 1.5 | I24: ='Vulnerability Detection - GPT4o'!B34 -> 38 | J24: ='Vulnerability Detection - GPT4o'!C34 -> 34 | K24: ='Vulnerability Detection - GPT4o'!D34 -> 34 | L24: ='Vulnerability Detection - GPT4o'!E34 -> 35
B25: pr CWE ⊆ gt CWE | C25: Description + Hunk | D25: ='Vulnerability Detection - GPT4o'!D12/'Vulnerability Detection - GPT4o'!B38*100 -> 32.926829 | E25: ='Vulnerability Detection - GPT4o'!H12/'Vulnerability Detection - GPT4o'!B38*100 -> 43.292683 | G25: Baseline (Cumulative)
B26: pr CWE ⊆ gt CWE | C26: Description | D26: ='Vulnerability Detection - GPT4o'!E12/'Vulnerability Detection - GPT4o'!B38*100 -> 28.04878 | E26: ='Vulnerability Detection - GPT4o'!I12/'Vulnerability Detection - GPT4o'!B38*100 -> 46.341463 | G26: Metric | H26: Threshold to cover | I26: Description + file | J26: Description + method | K26: Description + hunk | L26: Description
B27: Overlapped CWE | C27: Description + File | D27: ='Vulnerability Detection - GPT4o'!B13/'Vulnerability Detection - GPT4o'!B38*100 -> 3.6585366 | E27: ='Vulnerability Detection - GPT4o'!F13/'Vulnerability Detection - GPT4o'!B38*100 -> 2.4390244 | G27: Score Proximity | H27: 0 | I27: =I3 -> 18 | J27: =J3 -> 18 | K27: =K3 -> 17 | L27: =L3 -> 15
B28: Overlapped CWE | C28: Description + Method | D28: ='Vulnerability Detection - GPT4o'!C13/'Vulnerability Detection - GPT4o'!B38*100 -> 5.4878049 | E28: ='Vulnerability Detection - GPT4o'!G13/'Vulnerability Detection - GPT4o'!B38*100 -> 0.6097561 | G28: Score Proximity | H28: 0.5 | I28: =I27+I4 -> 52 | J28: =J27+J4 -> 60 | K28: =K27+K4 -> 60 | L28: =L27+L4 -> 58
B29: Overlapped CWE | C29: Description + Hunk | D29: ='Vulnerability Detection - GPT4o'!D13/'Vulnerability Detection - GPT4o'!B38*100 -> 3.0487805 | E29: ='Vulnerability Detection - GPT4o'!H13/'Vulnerability Detection - GPT4o'!B38*100 -> 1.5243902 | G29: Score Proximity | H29: 1 | I29: =I28+I5 -> 122 | J29: =J28+J5 -> 138 | K29: =K28+K5 -> 138 | L29: =L28+L5 -> 136
B30: Overlapped CWE | C30: Description | D30: ='Vulnerability Detection - GPT4o'!E13/'Vulnerability Detection - GPT4o'!B38*100 -> 5.4878049 | E30: ='Vulnerability Detection - GPT4o'!I13/'Vulnerability Detection - GPT4o'!B38*100 -> 1.8292683 | G30: Score Proximity | H30: 1.5 | I30: =I29+I6 -> 183 | J30: =J29+J6 -> 189 | K30: =K29+K6 -> 194 | L30: =L29+L6 -> 195
B31: Non-overlapped CWE | C31: Description + File | D31: ='Vulnerability Detection - GPT4o'!B14/'Vulnerability Detection - GPT4o'!B38*100 -> 43.292683 | E31: ='Vulnerability Detection - GPT4o'!F14/'Vulnerability Detection - GPT4o'!B38*100 -> 44.512195 | G31: Baseline (Cumulative)
B32: Non-overlapped CWE | C32: Description + Method | D32: ='Vulnerability Detection - GPT4o'!C14/'Vulnerability Detection - GPT4o'!B38*100 -> 44.207317 | E32: ='Vulnerability Detection - GPT4o'!G14/'Vulnerability Detection - GPT4o'!B38*100 -> 49.085366 | G32: Metric | H32: Threshold to cover | I32: Description + file | J32: Description + method | K32: Description + hunk | L32: Description
B33: Non-overlapped CWE | C33: Description + Hunk | D33: ='Vulnerability Detection - GPT4o'!D14/'Vulnerability Detection - GPT4o'!B38*100 -> 43.292683 | E33: ='Vulnerability Detection - GPT4o'!H14/'Vulnerability Detection - GPT4o'!B38*100 -> 49.085366 | G33: Overall (pr CWE = gt) | H33: 0 | I33: =I9 -> 5 | J33: =J9 -> 6 | K33: =K9 -> 6 | L33: =L9 -> 5
B34: Non-overlapped CWE | C34: Description | D34: ='Vulnerability Detection - GPT4o'!E14/'Vulnerability Detection - GPT4o'!B38*100 -> 44.207317 | E34: ='Vulnerability Detection - GPT4o'!I14/'Vulnerability Detection - GPT4o'!B38*100 -> 46.036585 | G34: Overall (pr CWE = gt) | H34: 0.5 | I34: =I33+I10 -> 17 | J34: =J33+J10 -> 18 | K34: =K33+K10 -> 19 | L34: =L33+L10 -> 14
B35: Correct severity | C35: Description + File | D35: ='Vulnerability Detection - GPT4o'!B16/'Vulnerability Detection - GPT4o'!B38*100 -> 30.487805 | E35: ='Vulnerability Detection - GPT4o'!F16/'Vulnerability Detection - GPT4o'!B38*100 -> 46.95122 | G35: Overall (pr CWE = gt) | H35: 1 | I35: =I34+I11 -> 38 | J35: =J34+J11 -> 32 | K35: =K34+K11 -> 41 | L35: =L34+L11 -> 33
B36: Correct severity | C36: Description + Method | D36: ='Vulnerability Detection - GPT4o'!C16/'Vulnerability Detection - GPT4o'!B38*100 -> 35.365854 | E36: ='Vulnerability Detection - GPT4o'!G16/'Vulnerability Detection - GPT4o'!B38*100 -> 55.182927 | G36: Overall (pr CWE = gt) | H36: 1.5 | I36: =I35+I12 -> 66 | J36: =J35+J12 -> 58 | K36: =K35+K12 -> 68 | L36: =L35+L12 -> 57
B37: Correct severity | C37: Description + Hunk | D37: ='Vulnerability Detection - GPT4o'!D16/'Vulnerability Detection - GPT4o'!B38*100 -> 38.109756 | E37: ='Vulnerability Detection - GPT4o'!H16/'Vulnerability Detection - GPT4o'!B38*100 -> 52.439024 | G37: Baseline (Cumulative)
B38: Correct severity | C38: Description | D38: ='Vulnerability Detection - GPT4o'!E16/'Vulnerability Detection - GPT4o'!B38*100 -> 37.5 | E38: ='Vulnerability Detection - GPT4o'!I16/'Vulnerability Detection - GPT4o'!B38*100 -> 50.304878 | G38: Metric | H38: Threshold to cover | I38: Description + file | J38: Description + method | K38: Description + hunk | L38: Description
G39: Overall (pr CWE ⊆ gt) | H39: 0 | I39: =I15 -> 5 | J39: =J15 -> 7 | K39: =K15 -> 6 | L39: =L15 -> 5
B40: Severity Label Precision - LOW | C40: Description + File | D40: 0 | E40: 0.2 | G40: Overall (pr CWE ⊆ gt) | H40: 0.5 | I40: =I39+I16 -> 18 | J40: =J39+J16 -> 22 | K40: =K39+K16 -> 22 | L40: =L39+L16 -> 15
B41: Severity Label Precision - MEDIUM | C41: Description + File | D41: 0.486 | E41: 0.737 | G41: Overall (pr CWE ⊆ gt) | H41: 1 | I41: =I40+I17 -> 43 | J41: =J40+J17 -> 39 | K41: =K40+K17 -> 47 | L41: =L40+L17 -> 37
B42: Severity Label Precision - HIGH | C42: Description + File | D42: 0.282 | E42: 0.296 | G42: Overall (pr CWE ⊆ gt) | H42: 1.5 | I42: =I41+I18 -> 71 | J42: =J41+J18 -> 65 | K42: =K41+K18 -> 75 | L42: =L41+L18 -> 63
B43: Severity Label Precision - CRITICAL | C43: Description + File | D43: 0.308 | E43: 0.238 | G43: Baseline (Cumulative)
B44: Severity Label Recall- LOW | C44: Description + File | D44: 0 | E44: 0.038 | G44: Metric | H44: Threshold to cover | I44: Description + file | J44: Description + method | K44: Description + hunk | L44: Description
B45: Severity Label Recall - MEDIUM | C45: Description + File | D45: 0.102 | E45: 0.587 | G45: Overall (gt CWE ⊆ pr) | H45: 0 | I45: =I21 -> 8 | J45: =J21 -> 10 | K45: =K21 -> 10 | L45: =L21 -> 8
B46: Severity Label Recall - HIGH | C46: Description + File | D46: 0.878 | E46: 0.556 | G46: Overall (gt CWE ⊆ pr) | H46: 0.5 | I46: =I45+I22 -> 31 | J46: =J45+J22 -> 32 | K46: =K45+K22 -> 34 | L46: =L45+L22 -> 33
B47: Severity Label Recall - CRITICAL | C47: Description + File | D47: 0.089 | E47: 0.111 | G47: Overall (gt CWE ⊆ pr) | H47: 1 | I47: =I46+I23 -> 63 | J47: =J46+J23 -> 66 | K47: =K46+K23 -> 72 | L47: =L46+L23 -> 71
B48: Severity Label F1-score - LOW | C48: Description + File | D48: 0 | E48: 0.065 | G48: Overall (gt CWE ⊆ pr) | H48: 1.5 | I48: =I47+I24 -> 101 | J48: =J47+J24 -> 100 | K48: =K47+K24 -> 106 | L48: =L47+L24 -> 106
B49: Severity Label F1-score - MEDIUM | C49: Description + File | D49: 0.168 | E49: 0.653 | G49: Fine-tuned (Raw)
B50: Severity Label F1-score - HIGH | C50: Description + File | D50: 0.427 | E50: 0.386 | G50: Metric | H50: Threshold | I50: Description + file | J50: Description + method | K50: Description + hunk | L50: Description
B51: Severity Label F1-score - CRITICAL | C51: Description + File | D51: 0.138 | E51: 0.152 | G51: Score Proximity | H51: 0 | I51: ='Vulnerability Detection - GPT4o'!F19 -> 36 | J51: ='Vulnerability Detection - GPT4o'!G19 -> 29 | K51: ='Vulnerability Detection - GPT4o'!H19 -> 39 | L51: ='Vulnerability Detection - GPT4o'!I19 -> 36
G52: Score Proximity | H52: 0.5 | I52: ='Vulnerability Detection - GPT4o'!F20 -> 41 | J52: ='Vulnerability Detection - GPT4o'!G20 -> 40 | K52: ='Vulnerability Detection - GPT4o'!H20 -> 26 | L52: ='Vulnerability Detection - GPT4o'!I20 -> 26
B53: Severity Label Precision - LOW | C53: Description + Method | D53: 0 | E53: 0.667 | G53: Score Proximity | H53: 1 | I53: ='Vulnerability Detection - GPT4o'!F21 -> 88 | J53: ='Vulnerability Detection - GPT4o'!G21 -> 82 | K53: ='Vulnerability Detection - GPT4o'!H21 -> 92 | L53: ='Vulnerability Detection - GPT4o'!I21 -> 87
B54: Severity Label Precision - MEDIUM | C54: Description + Method | D54: 0.583 | E54: 0.669 | G54: Score Proximity | H54: 1.5 | I54: ='Vulnerability Detection - GPT4o'!F22 -> 40 | J54: ='Vulnerability Detection - GPT4o'!G22 -> 58 | K54: ='Vulnerability Detection - GPT4o'!H22 -> 59 | L54: ='Vulnerability Detection - GPT4o'!I22 -> 59
B55: Severity Label Precision - HIGH | C55: Description + Method | D55: 0.287 | E55: 0.419 | G55: Fine-tuned (Raw)
B56: Severity Label Precision - CRITICAL | C56: Description + Method | D56: 0.475 | E56: 0.533 | G56: Metric | H56: Threshold | I56: Description + file | J56: Description + method | K56: Description + hunk | L56: Description
B57: Severity Label Recall- LOW | C57: Description + Method | D57: 0 | E57: 0.154 | G57: Overall (pr CWE = gt) | H57: 0 | I57: ='Vulnerability Detection - GPT4o'!F23 -> 22 | J57: ='Vulnerability Detection - GPT4o'!G23 -> 19 | K57: ='Vulnerability Detection - GPT4o'!H23 -> 16 | L57: ='Vulnerability Detection - GPT4o'!I23 -> 14
B58: Severity Label Recall - MEDIUM | C58: Description + Method | D58: 0.168 | E58: 0.645 | G58: Overall (pr CWE = gt) | H58: 0.5 | I58: ='Vulnerability Detection - GPT4o'!F24 -> 19 | J58: ='Vulnerability Detection - GPT4o'!G24 -> 9 | K58: ='Vulnerability Detection - GPT4o'!H24 -> 10 | L58: ='Vulnerability Detection - GPT4o'!I24 -> 11
B59: Severity Label Recall - HIGH | C59: Description + Method | D59: 0.767 | E59: 0.614 | G59: Overall (pr CWE = gt) | H59: 1 | I59: ='Vulnerability Detection - GPT4o'!F25 -> 33 | J59: ='Vulnerability Detection - GPT4o'!G25 -> 29 | K59: ='Vulnerability Detection - GPT4o'!H25 -> 36 | L59: ='Vulnerability Detection - GPT4o'!I25 -> 30
B60: Severity Label Recall - CRITICAL | C60: Description + Method | D60: 0.422 | E60: 0.356 | G60: Overall (pr CWE = gt) | H60: 1.5 | I60: ='Vulnerability Detection - GPT4o'!F26 -> 13 | J60: ='Vulnerability Detection - GPT4o'!G26 -> 29 | K60: ='Vulnerability Detection - GPT4o'!H26 -> 16 | L60: ='Vulnerability Detection - GPT4o'!I26 -> 30
B61: Severity Label F1-score - LOW | C61: Description + Method | D61: 0 | E61: 0.25 | G61: Fine-tuned (Raw)
B62: Severity Label F1-score - MEDIUM | C62: Description + Method | D62: 0.26 | E62: 0.656 | G62: Metric | H62: Threshold | I62: Description + file | J62: Description + method | K62: Description + hunk | L62: Description
B63: Severity Label F1-score - HIGH | C63: Description + Method | D63: 0.418 | E63: 0.498 | G63: Overall (pr CWE ⊆ gt) | H63: 0 | I63: ='Vulnerability Detection - GPT4o'!F27 -> 25 | J63: ='Vulnerability Detection - GPT4o'!G27 -> 19 | K63: ='Vulnerability Detection - GPT4o'!H27 -> 20 | L63: ='Vulnerability Detection - GPT4o'!I27 -> 19
B64: Severity Label F1-score - CRITICAL | C64: Description + Method | D64: 0.447 | E64: 0.427 | G64: Overall (pr CWE ⊆ gt) | H64: 0.5 | I64: ='Vulnerability Detection - GPT4o'!F28 -> 20 | J64: ='Vulnerability Detection - GPT4o'!G28 -> 13 | K64: ='Vulnerability Detection - GPT4o'!H28 -> 11 | L64: ='Vulnerability Detection - GPT4o'!I28 -> 13
G65: Overall (pr CWE ⊆ gt) | H65: 1 | I65: ='Vulnerability Detection - GPT4o'!F29 -> 43 | J65: ='Vulnerability Detection - GPT4o'!G29 -> 34 | K65: ='Vulnerability Detection - GPT4o'!H29 -> 42 | L65: ='Vulnerability Detection - GPT4o'!I29 -> 34
B66: Severity Label Precision - LOW | C66: Description + Hunk | D66: 0 | E66: 0.682 | G66: Overall (pr CWE ⊆ gt) | H66: 1.5 | I66: ='Vulnerability Detection - GPT4o'!F30 -> 15 | J66: ='Vulnerability Detection - GPT4o'!G30 -> 37 | K66: ='Vulnerability Detection - GPT4o'!H30 -> 20 | L66: ='Vulnerability Detection - GPT4o'!I30 -> 35
B67: Severity Label Precision - MEDIUM | C67: Description + Hunk | D67: 0.597 | E67: 0.706 | G67: Fine-tuned (Raw)
B68: Severity Label Precision - HIGH | C68: Description + Hunk | D68: 0.316 | E68: 0.381 | G68: Metric | H68: Threshold | I68: Description + file | J68: Description + method | K68: Description + hunk | L68: Description
B69: Severity Label Precision - CRITICAL | C69: Description + Hunk | D69: 0.457 | E69: 0.368 | G69: Overall (gt CWE ⊆ pr) | H69: 0 | I69: ='Vulnerability Detection - GPT4o'!F31 -> 25 | J69: ='Vulnerability Detection - GPT4o'!G31 -> 21 | K69: ='Vulnerability Detection - GPT4o'!H31 -> 20 | L69: ='Vulnerability Detection - GPT4o'!I31 -> 15
B70: Severity Label Recall- LOW | C70: Description + Hunk | D70: 0 | E70: 0.577 | G70: Overall (gt CWE ⊆ pr) | H70: 0.5 | I70: ='Vulnerability Detection - GPT4o'!F32 -> 21 | J70: ='Vulnerability Detection - GPT4o'!G32 -> 11 | K70: ='Vulnerability Detection - GPT4o'!H32 -> 11 | L70: ='Vulnerability Detection - GPT4o'!I32 -> 14
B71: Severity Label Recall - MEDIUM | C71: Description + Hunk | D71: 0.222 | E71: 0.536 | G71: Overall (gt CWE ⊆ pr) | H71: 1 | I71: ='Vulnerability Detection - GPT4o'!F33 -> 41 | J71: ='Vulnerability Detection - GPT4o'!G33 -> 35 | K71: ='Vulnerability Detection - GPT4o'!H33 -> 44 | L71: ='Vulnerability Detection - GPT4o'!I33 -> 37
B72: Severity Label Recall - HIGH | C72: Description + Hunk | D72: 0.828 | E72: 0.678 | G72: Overall (gt CWE ⊆ pr) | H72: 1.5 | I72: ='Vulnerability Detection - GPT4o'!F34 -> 16 | J72: ='Vulnerability Detection - GPT4o'!G34 -> 33 | K72: ='Vulnerability Detection - GPT4o'!H34 -> 17 | L72: ='Vulnerability Detection - GPT4o'!I34 -> 33
B73: Severity Label Recall - CRITICAL | C73: Description + Hunk | D73: 0.356 | E73: 0.156 | G73: Fine-tuned (Cumulative)
B74: Severity Label F1-score - LOW | C74: Description + Hunk | D74: 0 | E74: 0.625 | G74: Metric | H74: Threshold to cover | I74: Description + file | J74: Description + method | K74: Description + hunk | L74: Description
B75: Severity Label F1-score - MEDIUM | C75: Description + Hunk | D75: 0.323 | E75: 0.61 | G75: Score Proximity | H75: 0 | I75: =I51 -> 36 | J75: =J51 -> 29 | K75: =K51 -> 39 | L75: =L51 -> 36
B76: Severity Label F1-score - HIGH | C76: Description + Hunk | D76: 0.457 | E76: 0.488 | G76: Score Proximity | H76: 0.5 | I76: =I75+I52 -> 77 | J76: =J75+J52 -> 69 | K76: =K75+K52 -> 65 | L76: =L75+L52 -> 62
B77: Severity Label F1-score - CRITICAL | C77: Description + Hunk | D77: 0.4 | E77: 0.219 | G77: Score Proximity | H77: 1 | I77: =I76+I53 -> 165 | J77: =J76+J53 -> 151 | K77: =K76+K53 -> 157 | L77: =L76+L53 -> 149
G78: Score Proximity | H78: 1.5 | I78: =I77+I54 -> 205 | J78: =J77+J54 -> 209 | K78: =K77+K54 -> 216 | L78: =L77+L54 -> 208
B79: Severity Label Precision - LOW | C79: Description | D79: 0 | E79: 0.286 | G79: Fine-tuned (Cumulative)
B80: Severity Label Precision - MEDIUM | C80: Description | D80: 0.562 | E80: 0.742 | G80: Metric | H80: Threshold to cover | I80: Description + file | J80: Description + method | K80: Description + hunk | L80: Description
B81: Severity Label Precision - HIGH | C81: Description | D81: 0.306 | E81: 0.351 | G81: Overall (pr CWE = gt) | H81: 0 | I81: =I57 -> 22 | J81: =J57 -> 19 | K81: =K57 -> 16 | L81: =L57 -> 14
B82: Severity Label Precision - CRITICAL | C82: Description | D82: 0.432 | E82: 0.381 | G82: Overall (pr CWE = gt) | H82: 0.5 | I82: =I81+I58 -> 41 | J82: =J81+J58 -> 28 | K82: =K81+K58 -> 26 | L82: =L81+L58 -> 25
B83: Severity Label Recall- LOW | C83: Description | D83: 0 | E83: 0.077 | G83: Overall (pr CWE = gt) | H83: 1 | I83: =I82+I59 -> 74 | J83: =J82+J59 -> 57 | K83: =K82+K59 -> 62 | L83: =L82+L59 -> 55
B84: Severity Label Recall - MEDIUM | C84: Description | D84: 0.248 | E84: 0.572 | G84: Overall (pr CWE = gt) | H84: 1.5 | I84: =I83+I60 -> 87 | J84: =J83+J60 -> 86 | K84: =K83+K60 -> 78 | L84: =L83+L60 -> 85
B85: Severity Label Recall - HIGH | C85: Description | D85: 0.733 | E85: 0.667 | G85: Fine-tuned (Cumulative)
B86: Severity Label Recall - CRITICAL | C86: Description | D86: 0.356 | E86: 0.178 | G86: Metric | H86: Threshold to cover | I86: Description + file | J86: Description + method | K86: Description + hunk | L86: Description
B87: Severity Label F1-score - LOW | C87: Description | D87: 0 | E87: 0.121 | G87: Overall (pr CWE ⊆ gt) | H87: 0 | I87: =I63 -> 25 | J87: =J63 -> 19 | K87: =K63 -> 20 | L87: =L63 -> 19
B88: Severity Label F1-score - MEDIUM | C88: Description | D88: 0.345 | E88: 0.646 | G88: Overall (pr CWE ⊆ gt) | H88: 0.5 | I88: =I87+I64 -> 45 | J88: =J87+J64 -> 32 | K88: =K87+K64 -> 31 | L88: =L87+L64 -> 32
B89: Severity Label F1-score - HIGH | C89: Description | D89: 0.431 | E89: 0.46 | G89: Overall (pr CWE ⊆ gt) | H89: 1 | I89: =I88+I65 -> 88 | J89: =J88+J65 -> 66 | K89: =K88+K65 -> 73 | L89: =L88+L65 -> 66
B90: Severity Label F1-score - CRITICAL | C90: Description | D90: 0.39 | E90: 0.242 | G90: Overall (pr CWE ⊆ gt) | H90: 1.5 | I90: =I89+I66 -> 103 | J90: =J89+J66 -> 103 | K90: =K89+K66 -> 93 | L90: =L89+L66 -> 101
G91: Fine-tuned (Cumulative)
G92: Metric | H92: Threshold to cover | I92: Description + file | J92: Description + method | K92: Description + hunk | L92: Description
G93: Overall (gt CWE ⊆ pr) | H93: 0 | I93: =I69 -> 25 | J93: =J69 -> 21 | K93: =K69 -> 20 | L93: =L69 -> 15
G94: Overall (gt CWE ⊆ pr) | H94: 0.5 | I94: =I93+I70 -> 46 | J94: =J93+J70 -> 32 | K94: =K93+K70 -> 31 | L94: =L93+L70 -> 29
G95: Overall (gt CWE ⊆ pr) | H95: 1 | I95: =I94+I71 -> 87 | J95: =J94+J71 -> 67 | K95: =K94+K71 -> 75 | L95: =L94+L71 -> 66
G96: Overall (gt CWE ⊆ pr) | H96: 1.5 | I96: =I95+I72 -> 103 | J96: =J95+J72 -> 100 | K96: =K95+K72 -> 92 | L96: =L95+L72 -> 99
B106: Total Number of Records | C106: 328

Sheet LLAMA Plots
C1: Percentage | G1: Baseline (Raw) | AA1: Generated By Python
B2: Metric | C2: Input Type | D2: Baseline | E2: Fine-tuned | G2: Metric | H2: Minimum Threshold | I2: Description + file | J2: Description + method | K2: Description + hunk | L2: Description
B3: Correct Is_vulnerable | C3: Description + File | D3: ='Vulnerability Detection - LLAMA'!B3/'Vulnerability Detection - LLAMA'!B38*100 -> 99.695122 | E3: ='Vulnerability Detection - LLAMA'!F3/'Vulnerability Detection - LLAMA'!B38*100 -> 100 | G3: Score Proximity | H3: 0 | I3: ='Vulnerability Detection - LLAMA'!B19 -> 16 | J3: ='Vulnerability Detection - LLAMA'!C19 -> 16 | K3: ='Vulnerability Detection - LLAMA'!D19 -> 6 | L3: ='Vulnerability Detection - LLAMA'!E19 -> 14
B4: Correct Is_vulnerable | C4: Description + Method | D4: ='Vulnerability Detection - LLAMA'!C3/'Vulnerability Detection - LLAMA'!B38*100 -> 100 | E4: ='Vulnerability Detection - LLAMA'!G3/'Vulnerability Detection - LLAMA'!B38*100 -> 100 | G4: Score Proximity | H4: 0.5 | I4: ='Vulnerability Detection - LLAMA'!B20 -> 31 | J4: ='Vulnerability Detection - LLAMA'!C20 -> 27 | K4: ='Vulnerability Detection - LLAMA'!D20 -> 37 | L4: ='Vulnerability Detection - LLAMA'!E20 -> 20
B5: Correct Is_vulnerable | C5: Description + Hunk | D5: ='Vulnerability Detection - LLAMA'!D3/'Vulnerability Detection - LLAMA'!B38*100 -> 100 | E5: ='Vulnerability Detection - LLAMA'!H3/'Vulnerability Detection - LLAMA'!B38*100 -> 100 | G5: Score Proximity | H5: 1 | I5: ='Vulnerability Detection - LLAMA'!B21 -> 56 | J5: ='Vulnerability Detection - LLAMA'!C21 -> 50 | K5: ='Vulnerability Detection - LLAMA'!D21 -> 48 | L5: ='Vulnerability Detection - LLAMA'!E21 -> 42
B6: Correct Is_vulnerable | C6: Description | D6: ='Vulnerability Detection - LLAMA'!E3/'Vulnerability Detection - LLAMA'!B38*100 -> 94.207317 | E6: ='Vulnerability Detection - LLAMA'!I3/'Vulnerability Detection - LLAMA'!B38*100 -> 100 | G6: Score Proximity | H6: 1.5 | I6: ='Vulnerability Detection - LLAMA'!B22 -> 42 | J6: ='Vulnerability Detection - LLAMA'!C22 -> 51 | K6: ='Vulnerability Detection - LLAMA'!D22 -> 51 | L6: ='Vulnerability Detection - LLAMA'!E22 -> 35
B7: Correct Is_sec_vulnerable | C7: Description + File | D7: ='Vulnerability Detection - LLAMA'!B6/'Vulnerability Detection - LLAMA'!B38*100 -> 99.695122 | E7: ='Vulnerability Detection - LLAMA'!F6/'Vulnerability Detection - LLAMA'!B38*100 -> 100 | G7: Baseline (Raw)
B8: Correct Is_sec_vulnerable | C8: Description + Method | D8: ='Vulnerability Detection - LLAMA'!C6/'Vulnerability Detection - LLAMA'!B38*100 -> 100 | E8: ='Vulnerability Detection - LLAMA'!G6/'Vulnerability Detection - LLAMA'!B38*100 -> 100 | G8: Metric | H8: Minimum Threshold | I8: Description + file | J8: Description + method | K8: Description + hunk | L8: Description
B9: Correct Is_sec_vulnerable | C9: Description + Hunk | D9: ='Vulnerability Detection - LLAMA'!D6/'Vulnerability Detection - LLAMA'!B38*100 -> 100 | E9: ='Vulnerability Detection - LLAMA'!H6/'Vulnerability Detection - LLAMA'!B38*100 -> 100 | G9: Overall (pr CWE = gt) | H9: 0 | I9: ='Vulnerability Detection - LLAMA'!B23 -> 0 | J9: ='Vulnerability Detection - LLAMA'!C23 -> 0 | K9: ='Vulnerability Detection - LLAMA'!D23 -> 0 | L9: ='Vulnerability Detection - LLAMA'!E23 -> 0
B10: Correct Is_sec_vulnerable | C10: Description | D10: ='Vulnerability Detection - LLAMA'!E6/'Vulnerability Detection - LLAMA'!B38*100 -> 94.512195 | E10: ='Vulnerability Detection - LLAMA'!I6/'Vulnerability Detection - LLAMA'!B38*100 -> 100 | G10: Overall (pr CWE = gt) | H10: 0.5 | I10: ='Vulnerability Detection - LLAMA'!B24 -> 0 | J10: ='Vulnerability Detection - LLAMA'!C24 -> 0 | K10: ='Vulnerability Detection - LLAMA'!D24 -> 0 | L10: ='Vulnerability Detection - LLAMA'!E24 -> 0
B11: Empty CWE | C11: Description + File | D11: ='Vulnerability Detection - LLAMA'!B9/'Vulnerability Detection - LLAMA'!B38*100 -> 0 | E11: ='Vulnerability Detection - LLAMA'!F9/'Vulnerability Detection - LLAMA'!B38*100 -> 0 | G11: Overall (pr CWE = gt) | H11: 1 | I11: ='Vulnerability Detection - LLAMA'!B25 -> 0 | J11: ='Vulnerability Detection - LLAMA'!C25 -> 0 | K11: ='Vulnerability Detection - LLAMA'!D25 -> 0 | L11: ='Vulnerability Detection - LLAMA'!E25 -> 0
B12: Empty CWE | C12: Description + Method | D12: ='Vulnerability Detection - LLAMA'!C9/'Vulnerability Detection - LLAMA'!B38*100 -> 0 | E12: ='Vulnerability Detection - LLAMA'!G9/'Vulnerability Detection - LLAMA'!B38*100 -> 0 | G12: Overall (pr CWE = gt) | H12: 1.5 | I12: ='Vulnerability Detection - LLAMA'!B26 -> 0 | J12: ='Vulnerability Detection - LLAMA'!C26 -> 0 | K12: ='Vulnerability Detection - LLAMA'!D26 -> 0 | L12: ='Vulnerability Detection - LLAMA'!E26 -> 0
B13: Empty CWE | C13: Description + Hunk | D13: ='Vulnerability Detection - LLAMA'!D9/'Vulnerability Detection - LLAMA'!B38*100 -> 0 | E13: ='Vulnerability Detection - LLAMA'!H9/'Vulnerability Detection - LLAMA'!B38*100 -> 0 | G13: Baseline (Raw)
B14: Empty CWE | C14: Description | D14: ='Vulnerability Detection - LLAMA'!E9/'Vulnerability Detection - LLAMA'!B38*100 -> 3.3536585 | E14: ='Vulnerability Detection - LLAMA'!I9/'Vulnerability Detection - LLAMA'!B38*100 -> 0 | G14: Metric | H14: Minimum Threshold | I14: Description + file | J14: Description + method | K14: Description + hunk | L14: Description
B15: Correct CWE | C15: Description + File | D15: ='Vulnerability Detection - LLAMA'!B10/'Vulnerability Detection - LLAMA'!B38*100 -> 0 | E15: ='Vulnerability Detection - LLAMA'!F10/'Vulnerability Detection - LLAMA'!B38*100 -> 28.963415 | G15: Overall (pr CWE ⊆ gt) | H15: 0 | I15: ='Vulnerability Detection - LLAMA'!B27 -> 0 | J15: ='Vulnerability Detection - LLAMA'!C27 -> 0 | K15: ='Vulnerability Detection - LLAMA'!D27 -> 0 | L15: ='Vulnerability Detection - LLAMA'!E27 -> 0
B16: Correct CWE | C16: Description + Method | D16: ='Vulnerability Detection - LLAMA'!C10/'Vulnerability Detection - LLAMA'!B38*100 -> 0 | E16: ='Vulnerability Detection - LLAMA'!G10/'Vulnerability Detection - LLAMA'!B38*100 -> 32.012195 | G16: Overall (pr CWE ⊆ gt) | H16: 0.5 | I16: ='Vulnerability Detection - LLAMA'!B28 -> 2 | J16: ='Vulnerability Detection - LLAMA'!C28 -> 2 | K16: ='Vulnerability Detection - LLAMA'!D28 -> 2 | L16: ='Vulnerability Detection - LLAMA'!E28 -> 2
B17: Correct CWE | C17: Description + Hunk | D17: ='Vulnerability Detection - LLAMA'!D10/'Vulnerability Detection - LLAMA'!B38*100 -> 0 | E17: ='Vulnerability Detection - LLAMA'!H10/'Vulnerability Detection - LLAMA'!B38*100 -> 31.707317 | G17: Overall (pr CWE ⊆ gt) | H17: 1 | I17: ='Vulnerability Detection - LLAMA'!B29 -> 0 | J17: ='Vulnerability Detection - LLAMA'!C29 -> 0 | K17: ='Vulnerability Detection - LLAMA'!D29 -> 0 | L17: ='Vulnerability Detection - LLAMA'!E29 -> 0
B18: Correct CWE | C18: Description | D18: ='Vulnerability Detection - LLAMA'!E10/'Vulnerability Detection - LLAMA'!B38*100 -> 0 | E18: ='Vulnerability Detection - LLAMA'!I10/'Vulnerability Detection - LLAMA'!B38*100 -> 34.45122 | G18: Overall (pr CWE ⊆ gt) | H18: 1.5 | I18: ='Vulnerability Detection - LLAMA'!B30 -> 0 | J18: ='Vulnerability Detection - LLAMA'!C30 -> 0 | K18: ='Vulnerability Detection - LLAMA'!D30 -> 0 | L18: ='Vulnerability Detection - LLAMA'!E30 -> 0
B19: gt CWE ⊆ pr CWE | C19: Description + File | D19: ='Vulnerability Detection - LLAMA'!B11/'Vulnerability Detection - LLAMA'!B38*100 -> 14.02439 | E19: ='Vulnerability Detection - LLAMA'!F11/'Vulnerability Detection - LLAMA'!B38*100 -> 28.963415 | G19: Baseline (Raw)
B20: gt CWE ⊆ pr CWE | C20: Description + Method | D20: ='Vulnerability Detection - LLAMA'!C11/'Vulnerability Detection - LLAMA'!B38*100 -> 15.853659 | E20: ='Vulnerability Detection - LLAMA'!G11/'Vulnerability Detection - LLAMA'!B38*100 -> 32.012195 | G20: Metric | H20: Minimum Threshold | I20: Description + file | J20: Description + method | K20: Description + hunk | L20: Description
B21: gt CWE ⊆ pr CWE | C21: Description + Hunk | D21: ='Vulnerability Detection - LLAMA'!D11/'Vulnerability Detection - LLAMA'!B38*100 -> 14.939024 | E21: ='Vulnerability Detection - LLAMA'!H11/'Vulnerability Detection - LLAMA'!B38*100 -> 31.707317 | G21: Overall (gt CWE ⊆ pr) | H21: 0 | I21: ='Vulnerability Detection - LLAMA'!B31 -> 4 | J21: ='Vulnerability Detection - LLAMA'!C31 -> 12 | K21: ='Vulnerability Detection - LLAMA'!D31 -> 4 | L21: ='Vulnerability Detection - LLAMA'!E31 -> 11
B22: gt CWE ⊆ pr CWE | C22: Description | D22: ='Vulnerability Detection - LLAMA'!E11/'Vulnerability Detection - LLAMA'!B38*100 -> 17.682927 | E22: ='Vulnerability Detection - LLAMA'!I11/'Vulnerability Detection - LLAMA'!B38*100 -> 34.45122 | G22: Overall (gt CWE ⊆ pr) | H22: 0.5 | I22: ='Vulnerability Detection - LLAMA'!B32 -> 9 | J22: ='Vulnerability Detection - LLAMA'!C32 -> 0 | K22: ='Vulnerability Detection - LLAMA'!D32 -> 9 | L22: ='Vulnerability Detection - LLAMA'!E32 -> 2
B23: pr CWE ⊆ gt CWE | C23: Description + File | D23: ='Vulnerability Detection - LLAMA'!B12/'Vulnerability Detection - LLAMA'!B38*100 -> 0.6097561 | E23: ='Vulnerability Detection - LLAMA'!F12/'Vulnerability Detection - LLAMA'!B38*100 -> 32.926829 | G23: Overall (gt CWE ⊆ pr) | H23: 1 | I23: ='Vulnerability Detection - LLAMA'!B33 -> 10 | J23: ='Vulnerability Detection - LLAMA'!C33 -> 3 | K23: ='Vulnerability Detection - LLAMA'!D33 -> 7 | L23: ='Vulnerability Detection - LLAMA'!E33 -> 6
B24: pr CWE ⊆ gt CWE | C24: Description + Method | D24: ='Vulnerability Detection - LLAMA'!C12/'Vulnerability Detection - LLAMA'!B38*100 -> 0.6097561 | E24: ='Vulnerability Detection - LLAMA'!G12/'Vulnerability Detection - LLAMA'!B38*100 -> 35.97561 | G24: Overall (gt CWE ⊆ pr) | H24: 1.5 | I24: ='Vulnerability Detection - LLAMA'!B34 -> 0 | J24: ='Vulnerability Detection - LLAMA'!C34 -> 16 | K24: ='Vulnerability Detection - LLAMA'!D34 -> 8 | L24: ='Vulnerability Detection - LLAMA'!E34 -> 12
B25: pr CWE ⊆ gt CWE | C25: Description + Hunk | D25: ='Vulnerability Detection - LLAMA'!D12/'Vulnerability Detection - LLAMA'!B38*100 -> 0.6097561 | E25: ='Vulnerability Detection - LLAMA'!H12/'Vulnerability Detection - LLAMA'!B38*100 -> 36.280488 | G25: Baseline (Cumulative)
B26: pr CWE ⊆ gt CWE | C26: Description | D26: ='Vulnerability Detection - LLAMA'!E12/'Vulnerability Detection - LLAMA'!B38*100 -> 0.6097561 | E26: ='Vulnerability Detection - LLAMA'!I12/'Vulnerability Detection - LLAMA'!B38*100 -> 38.414634 | G26: Metric | H26: Threshold to cover | I26: Description + file | J26: Description + method | K26: Description + hunk | L26: Description
B27: Overlapped CWE | C27: Description + File | D27: ='Vulnerability Detection - LLAMA'!B13/'Vulnerability Detection - LLAMA'!B38*100 -> 3.3536585 | E27: ='Vulnerability Detection - LLAMA'!F13/'Vulnerability Detection - LLAMA'!B38*100 -> 0 | G27: Score Proximity | H27: 0 | I27: =I3 -> 16 | J27: =J3 -> 16 | K27: =K3 -> 6 | L27: =L3 -> 14
B28: Overlapped CWE | C28: Description + Method | D28: ='Vulnerability Detection - LLAMA'!C13/'Vulnerability Detection - LLAMA'!B38*100 -> 2.4390244 | E28: ='Vulnerability Detection - LLAMA'!G13/'Vulnerability Detection - LLAMA'!B38*100 -> 0 | G28: Score Proximity | H28: 0.5 | I28: =I27+I4 -> 47 | J28: =J27+J4 -> 43 | K28: =K27+K4 -> 43 | L28: =L27+L4 -> 34
B29: Overlapped CWE | C29: Description + Hunk | D29: ='Vulnerability Detection - LLAMA'!D13/'Vulnerability Detection - LLAMA'!B38*100 -> 2.4390244 | E29: ='Vulnerability Detection - LLAMA'!H13/'Vulnerability Detection - LLAMA'!B38*100 -> 0 | G29: Score Proximity | H29: 1 | I29: =I28+I5 -> 103 | J29: =J28+J5 -> 93 | K29: =K28+K5 -> 91 | L29: =L28+L5 -> 76
B30: Overlapped CWE | C30: Description | D30: ='Vulnerability Detection - LLAMA'!E13/'Vulnerability Detection - LLAMA'!B38*100 -> 3.0487805 | E30: ='Vulnerability Detection - LLAMA'!I13/'Vulnerability Detection - LLAMA'!B38*100 -> 0 | G30: Score Proximity | H30: 1.5 | I30: =I29+I6 -> 145 | J30: =J29+J6 -> 144 | K30: =K29+K6 -> 142 | L30: =L29+L6 -> 111
B31: Non-overlapped CWE | C31: Description + File | D31: ='Vulnerability Detection - LLAMA'!B14/'Vulnerability Detection - LLAMA'!B38*100 -> 81.707317 | E31: ='Vulnerability Detection - LLAMA'!F14/'Vulnerability Detection - LLAMA'!B38*100 -> 67.073171 | G31: Baseline (Cumulative)
B32: Non-overlapped CWE | C32: Description + Method | D32: ='Vulnerability Detection - LLAMA'!C14/'Vulnerability Detection - LLAMA'!B38*100 -> 81.097561 | E32: ='Vulnerability Detection - LLAMA'!G14/'Vulnerability Detection - LLAMA'!B38*100 -> 64.02439 | G32: Metric | H32: Threshold to cover | I32: Description + file | J32: Description + method | K32: Description + hunk | L32: Description
B33: Non-overlapped CWE | C33: Description + Hunk | D33: ='Vulnerability Detection - LLAMA'!D14/'Vulnerability Detection - LLAMA'!B38*100 -> 82.012195 | E33: ='Vulnerability Detection - LLAMA'!H14/'Vulnerability Detection - LLAMA'!B38*100 -> 63.719512 | G33: Overall (pr CWE = gt) | H33: 0 | I33: =I9 -> 0 | J33: =J9 -> 0 | K33: =K9 -> 0 | L33: =L9 -> 0
B34: Non-overlapped CWE | C34: Description | D34: ='Vulnerability Detection - LLAMA'!E14/'Vulnerability Detection - LLAMA'!B38*100 -> 72.865854 | E34: ='Vulnerability Detection - LLAMA'!I14/'Vulnerability Detection - LLAMA'!B38*100 -> 61.585366 | G34: Overall (pr CWE = gt) | H34: 0.5 | I34: =I33+I10 -> 0 | J34: =J33+J10 -> 0 | K34: =K33+K10 -> 0 | L34: =L33+L10 -> 0
B35: Correct severity | C35: Description + File | D35: ='Vulnerability Detection - LLAMA'!B16/'Vulnerability Detection - LLAMA'!B38*100 -> 32.317073 | E35: ='Vulnerability Detection - LLAMA'!F16/'Vulnerability Detection - LLAMA'!B38*100 -> 46.646341 | G35: Overall (pr CWE = gt) | H35: 1 | I35: =I34+I11 -> 0 | J35: =J34+J11 -> 0 | K35: =K34+K11 -> 0 | L35: =L34+L11 -> 0
B36: Correct severity | C36: Description + Method | D36: ='Vulnerability Detection - LLAMA'!C16/'Vulnerability Detection - LLAMA'!B38*100 -> 42.378049 | E36: ='Vulnerability Detection - LLAMA'!G16/'Vulnerability Detection - LLAMA'!B38*100 -> 42.682927 | G36: Overall (pr CWE = gt) | H36: 1.5 | I36: =I35+I12 -> 0 | J36: =J35+J12 -> 0 | K36: =K35+K12 -> 0 | L36: =L35+L12 -> 0
B37: Correct severity | C37: Description + Hunk | D37: ='Vulnerability Detection - LLAMA'!D16/'Vulnerability Detection - LLAMA'!B38*100 -> 47.865854 | E37: ='Vulnerability Detection - LLAMA'!H16/'Vulnerability Detection - LLAMA'!B38*100 -> 52.743902 | G37: Baseline (Cumulative)
B38: Correct severity | C38: Description | D38: ='Vulnerability Detection - LLAMA'!E16/'Vulnerability Detection - LLAMA'!B38*100 -> 35.97561 | E38: ='Vulnerability Detection - LLAMA'!I16/'Vulnerability Detection - LLAMA'!B38*100 -> 48.170732 | G38: Metric | H38: Threshold to cover | I38: Description + file | J38: Description + method | K38: Description + hunk | L38: Description
G39: Overall (pr CWE ⊆ gt) | H39: 0 | I39: =I15 -> 0 | J39: =J15 -> 0 | K39: =K15 -> 0 | L39: =L15 -> 0
B40: Severity Label Precision - LOW | C40: Description + File | D40: 0.2 | E40: 0 | G40: Overall (pr CWE ⊆ gt) | H40: 0.5 | I40: =I39+I16 -> 2 | J40: =J39+J16 -> 2 | K40: =K39+K16 -> 2 | L40: =L39+L16 -> 2
B41: Severity Label Precision - MEDIUM | C41: Description + File | D41: 0.571 | E41: 0.567 | G41: Overall (pr CWE ⊆ gt) | H41: 1 | I41: =I40+I17 -> 2 | J41: =J40+J17 -> 2 | K41: =K40+K17 -> 2 | L41: =L40+L17 -> 2
B42: Severity Label Precision - HIGH | C42: Description + File | D42: 0.27 | E42: 0.27 | G42: Overall (pr CWE ⊆ gt) | H42: 1.5 | I42: =I41+I18 -> 2 | J42: =J41+J18 -> 2 | K42: =K41+K18 -> 2 | L42: =L41+L18 -> 2
B43: Severity Label Precision - CRITICAL | C43: Description + File | D43: 0.238 | E43: 0.345 | G43: Baseline (Cumulative)
B44: Severity Label Recall- LOW | C44: Description + File | D44: 0.154 | E44: 0 | G44: Metric | H44: Threshold to cover | I44: Description + file | J44: Description + method | K44: Description + hunk | L44: Description
B45: Severity Label Recall - MEDIUM | C45: Description + File | D45: 0.263 | E45: 0.713 | G45: Overall (gt CWE ⊆ pr) | H45: 0 | I45: =I21 -> 4 | J45: =J21 -> 12 | K45: =K21 -> 4 | L45: =L21 -> 11
B46: Severity Label Recall - HIGH | C46: Description + File | D46: 0.303 | E46: 0.267 | G46: Overall (gt CWE ⊆ pr) | H46: 0.5 | I46: =I45+I22 -> 13 | J46: =J45+J22 -> 12 | K46: =K45+K22 -> 13 | L46: =L45+L22 -> 13
B47: Severity Label Recall - CRITICAL | C47: Description + File | D47: 0.689 | E47: 0.222 | G47: Overall (gt CWE ⊆ pr) | H47: 1 | I47: =I46+I23 -> 23 | J47: =J46+J23 -> 15 | K47: =K46+K23 -> 20 | L47: =L46+L23 -> 19
B48: Severity Label F1-score - LOW | C48: Description + File | D48: 0.174 | E48: 0 | G48: Overall (gt CWE ⊆ pr) | H48: 1.5 | I48: =I47+I24 -> 23 | J48: =J47+J24 -> 31 | K48: =K47+K24 -> 28 | L48: =L47+L24 -> 31
B49: Severity Label F1-score - MEDIUM | C49: Description + File | D49: 0.361 | E49: 0.631 | G49: Fine-tuned (Raw)
B50: Severity Label F1-score - HIGH | C50: Description + File | D50: 0.286 | E50: 0.268 | G50: Metric | H50: Threshold | I50: Description + file | J50: Description + method | K50: Description + hunk | L50: Description
B51: Severity Label F1-score - CRITICAL | C51: Description + File | D51: 0.354 | E51: 0.27 | G51: Score Proximity | H51: 0 | I51: ='Vulnerability Detection - LLAMA'!F19 -> 19 | J51: ='Vulnerability Detection - LLAMA'!G19 -> 16 | K51: ='Vulnerability Detection - LLAMA'!H19 -> 28 | L51: ='Vulnerability Detection - LLAMA'!I19 -> 37
G52: Score Proximity | H52: 0.5 | I52: ='Vulnerability Detection - LLAMA'!F20 -> 37 | J52: ='Vulnerability Detection - LLAMA'!G20 -> 29 | K52: ='Vulnerability Detection - LLAMA'!H20 -> 48 | L52: ='Vulnerability Detection - LLAMA'!I20 -> 53
B53: Severity Label Precision - LOW | C53: Description + Method | D53: 1 | E53: 0 | G53: Score Proximity | H53: 1 | I53: ='Vulnerability Detection - LLAMA'!F21 -> 70 | J53: ='Vulnerability Detection - LLAMA'!G21 -> 61 | K53: ='Vulnerability Detection - LLAMA'!H21 -> 57 | L53: ='Vulnerability Detection - LLAMA'!I21 -> 45
B54: Severity Label Precision - MEDIUM | C54: Description + Method | D54: 0.601 | E54: 0.595 | G54: Score Proximity | H54: 1.5 | I54: ='Vulnerability Detection - LLAMA'!F22 -> 57 | J54: ='Vulnerability Detection - LLAMA'!G22 -> 50 | K54: ='Vulnerability Detection - LLAMA'!H22 -> 46 | L54: ='Vulnerability Detection - LLAMA'!I22 -> 58
B55: Severity Label Precision - HIGH | C55: Description + Method | D55: 0.284 | E55: 0.181 | G55: Fine-tuned (Raw)
B56: Severity Label Precision - CRITICAL | C56: Description + Method | D56: 0.263 | E56: 0.173 | G56: Metric | H56: Threshold | I56: Description + file | J56: Description + method | K56: Description + hunk | L56: Description
B57: Severity Label Recall- LOW | C57: Description + Method | D57: 0.154 | E57: 0 | G57: Overall (pr CWE = gt) | H57: 0 | I57: ='Vulnerability Detection - LLAMA'!F23 -> 7 | J57: ='Vulnerability Detection - LLAMA'!G23 -> 8 | K57: ='Vulnerability Detection - LLAMA'!H23 -> 14 | L57: ='Vulnerability Detection - LLAMA'!I23 -> 16
B58: Severity Label Recall - MEDIUM | C58: Description + Method | D58: 0.515 | E58: 0.527 | G58: Overall (pr CWE = gt) | H58: 0.5 | I58: ='Vulnerability Detection - LLAMA'!F24 -> 7 | J58: ='Vulnerability Detection - LLAMA'!G24 -> 7 | K58: ='Vulnerability Detection - LLAMA'!H24 -> 10 | L58: ='Vulnerability Detection - LLAMA'!I24 -> 19
B59: Severity Label Recall - HIGH | C59: Description + Method | D59: 0.211 | E59: 0.211 | G59: Overall (pr CWE = gt) | H59: 1 | I59: ='Vulnerability Detection - LLAMA'!F25 -> 28 | J59: ='Vulnerability Detection - LLAMA'!G25 -> 31 | K59: ='Vulnerability Detection - LLAMA'!H25 -> 24 | L59: ='Vulnerability Detection - LLAMA'!I25 -> 15
B60: Severity Label Recall - CRITICAL | C60: Description + Method | D60: 0.667 | E60: 0.289 | G60: Overall (pr CWE = gt) | H60: 1.5 | I60: ='Vulnerability Detection - LLAMA'!F26 -> 22 | J60: ='Vulnerability Detection - LLAMA'!G26 -> 14 | K60: ='Vulnerability Detection - LLAMA'!H26 -> 23 | L60: ='Vulnerability Detection - LLAMA'!I26 -> 31
B61: Severity Label F1-score - LOW | C61: Description + Method | D61: 0.267 | E61: 0 | G61: Fine-tuned (Raw)
B62: Severity Label F1-score - MEDIUM | C62: Description + Method | D62: 0.555 | E62: 0.559 | G62: Metric | H62: Threshold | I62: Description + file | J62: Description + method | K62: Description + hunk | L62: Description
B63: Severity Label F1-score - HIGH | C63: Description + Method | D63: 0.242 | E63: 0.195 | G63: Overall (pr CWE ⊆ gt) | H63: 0 | I63: ='Vulnerability Detection - LLAMA'!F27 -> 9 | J63: ='Vulnerability Detection - LLAMA'!G27 -> 12 | K63: ='Vulnerability Detection - LLAMA'!H27 -> 14 | L63: ='Vulnerability Detection - LLAMA'!I27 -> 21
B64: Severity Label F1-score - CRITICAL | C64: Description + Method | D64: 0.377 | E64: 0.217 | G64: Overall (pr CWE ⊆ gt) | H64: 0.5 | I64: ='Vulnerability Detection - LLAMA'!F28 -> 7 | J64: ='Vulnerability Detection - LLAMA'!G28 -> 8 | K64: ='Vulnerability Detection - LLAMA'!H28 -> 14 | L64: ='Vulnerability Detection - LLAMA'!I28 -> 23
G65: Overall (pr CWE ⊆ gt) | H65: 1 | I65: ='Vulnerability Detection - LLAMA'!F29 -> 28 | J65: ='Vulnerability Detection - LLAMA'!G29 -> 32 | K65: ='Vulnerability Detection - LLAMA'!H29 -> 29 | L65: ='Vulnerability Detection - LLAMA'!I29 -> 15
B66: Severity Label Precision - LOW | C66: Description + Hunk | D66: 0 | E66: 0 | G66: Overall (pr CWE ⊆ gt) | H66: 1.5 | I66: ='Vulnerability Detection - LLAMA'!F30 -> 25 | J66: ='Vulnerability Detection - LLAMA'!G30 -> 16 | K66: ='Vulnerability Detection - LLAMA'!H30 -> 24 | L66: ='Vulnerability Detection - LLAMA'!I30 -> 33
B67: Severity Label Precision - MEDIUM | C67: Description + Hunk | D67: 0.599 | E67: 0.597 | G67: Fine-tuned (Raw)
B68: Severity Label Precision - HIGH | C68: Description + Hunk | D68: 0.298 | E68: 0.26 | G68: Metric | H68: Threshold | I68: Description + file | J68: Description + method | K68: Description + hunk | L68: Description
B69: Severity Label Precision - CRITICAL | C69: Description + Hunk | D69: 0.341 | E69: 0.2 | G69: Overall (gt CWE ⊆ pr) | H69: 0 | I69: ='Vulnerability Detection - LLAMA'!F31 -> 7 | J69: ='Vulnerability Detection - LLAMA'!G31 -> 8 | K69: ='Vulnerability Detection - LLAMA'!H31 -> 14 | L69: ='Vulnerability Detection - LLAMA'!I31 -> 16
B70: Severity Label Recall- LOW | C70: Description + Hunk | D70: 0 | E70: 0 | G70: Overall (gt CWE ⊆ pr) | H70: 0.5 | I70: ='Vulnerability Detection - LLAMA'!F32 -> 7 | J70: ='Vulnerability Detection - LLAMA'!G32 -> 7 | K70: ='Vulnerability Detection - LLAMA'!H32 -> 10 | L70: ='Vulnerability Detection - LLAMA'!I32 -> 19
B71: Severity Label Recall - MEDIUM | C71: Description + Hunk | D71: 0.671 | E71: 0.629 | G71: Overall (gt CWE ⊆ pr) | H71: 1 | I71: ='Vulnerability Detection - LLAMA'!F33 -> 28 | J71: ='Vulnerability Detection - LLAMA'!G33 -> 31 | K71: ='Vulnerability Detection - LLAMA'!H33 -> 24 | L71: ='Vulnerability Detection - LLAMA'!I33 -> 15
B72: Severity Label Recall - HIGH | C72: Description + Hunk | D72: 0.156 | E72: 0.367 | G72: Overall (gt CWE ⊆ pr) | H72: 1.5 | I72: ='Vulnerability Detection - LLAMA'!F34 -> 22 | J72: ='Vulnerability Detection - LLAMA'!G34 -> 14 | K72: ='Vulnerability Detection - LLAMA'!H34 -> 23 | L72: ='Vulnerability Detection - LLAMA'!I34 -> 31
B73: Severity Label Recall - CRITICAL | C73: Description + Hunk | D73: 0.689 | E73: 0.111 | G73: Fine-tuned (Cumulative)
B74: Severity Label F1-score - LOW | C74: Description + Hunk | D74: 0 | E74: 0 | G74: Metric | H74: Threshold to cover | I74: Description + file | J74: Description + method | K74: Description + hunk | L74: Description
B75: Severity Label F1-score - MEDIUM | C75: Description + Hunk | D75: 0.633 | E75: 0.612 | G75: Score Proximity | H75: 0 | I75: =I51 -> 19 | J75: =J51 -> 16 | K75: =K51 -> 28 | L75: =L51 -> 37
B76: Severity Label F1-score - HIGH | C76: Description + Hunk | D76: 0.204 | E76: 0.304 | G76: Score Proximity | H76: 0.5 | I76: =I75+I52 -> 56 | J76: =J75+J52 -> 45 | K76: =K75+K52 -> 76 | L76: =L75+L52 -> 90
B77: Severity Label F1-score - CRITICAL | C77: Description + Hunk | D77: 0.456 | E77: 0.143 | G77: Score Proximity | H77: 1 | I77: =I76+I53 -> 126 | J77: =J76+J53 -> 106 | K77: =K76+K53 -> 133 | L77: =L76+L53 -> 135
G78: Score Proximity | H78: 1.5 | I78: =I77+I54 -> 183 | J78: =J77+J54 -> 156 | K78: =K77+K54 -> 179 | L78: =L77+L54 -> 193
B79: Severity Label Precision - LOW | C79: Description | D79: 0 | E79: 0 | G79: Fine-tuned (Cumulative)
B80: Severity Label Precision - MEDIUM | C80: Description | D80: 0.615 | E80: 0.598 | G80: Metric | H80: Threshold to cover | I80: Description + file | J80: Description + method | K80: Description + hunk | L80: Description
B81: Severity Label Precision - HIGH | C81: Description | D81: 0.433 | E81: 0.36 | G81: Overall (pr CWE = gt) | H81: 0 | I81: =I57 -> 7 | J81: =J57 -> 8 | K81: =K57 -> 14 | L81: =L57 -> 16
B82: Severity Label Precision - CRITICAL | C82: Description | D82: 0.217 | E82: 0.312 | G82: Overall (pr CWE = gt) | H82: 0.5 | I82: =I81+I58 -> 14 | J82: =J81+J58 -> 15 | K82: =K81+K58 -> 24 | L82: =L81+L58 -> 35
B83: Severity Label Recall- LOW | C83: Description | D83: 0 | E83: 0 | G83: Overall (pr CWE = gt) | H83: 1 | I83: =I82+I59 -> 42 | J83: =J82+J59 -> 46 | K83: =K82+K59 -> 48 | L83: =L82+L59 -> 50
B84: Severity Label Recall - MEDIUM | C84: Description | D84: 0.468 | E84: 0.641 | G84: Overall (pr CWE = gt) | H84: 1.5 | I84: =I83+I60 -> 64 | J84: =J83+J60 -> 60 | K84: =K83+K60 -> 71 | L84: =L83+L60 -> 81
B85: Severity Label Recall - HIGH | C85: Description | D85: 0.149 | E85: 0.4 | G85: Fine-tuned (Cumulative)
B86: Severity Label Recall - CRITICAL | C86: Description | D86: 0.786 | E86: 0.333 | G86: Metric | H86: Threshold to cover | I86: Description + file | J86: Description + method | K86: Description + hunk | L86: Description
B87: Severity Label F1-score - LOW | C87: Description | D87: 0 | E87: 0 | G87: Overall (pr CWE ⊆ gt) | H87: 0 | I87: =I63 -> 9 | J87: =J63 -> 12 | K87: =K63 -> 14 | L87: =L63 -> 21
B88: Severity Label F1-score - MEDIUM | C88: Description | D88: 0.531 | E88: 0.618 | G88: Overall (pr CWE ⊆ gt) | H88: 0.5 | I88: =I87+I64 -> 16 | J88: =J87+J64 -> 20 | K88: =K87+K64 -> 28 | L88: =L87+L64 -> 44
B89: Severity Label F1-score - HIGH | C89: Description | D89: 0.222 | E89: 0.379 | G89: Overall (pr CWE ⊆ gt) | H89: 1 | I89: =I88+I65 -> 44 | J89: =J88+J65 -> 52 | K89: =K88+K65 -> 57 | L89: =L88+L65 -> 59
B90: Severity Label F1-score - CRITICAL | C90: Description | D90: 0.34 | E90: 0.323 | G90: Overall (pr CWE ⊆ gt) | H90: 1.5 | I90: =I89+I66 -> 69 | J90: =J89+J66 -> 68 | K90: =K89+K66 -> 81 | L90: =L89+L66 -> 92
G91: Fine-tuned (Cumulative)
G92: Metric | H92: Threshold to cover | I92: Description + file | J92: Description + method | K92: Description + hunk | L92: Description
G93: Overall (gt CWE ⊆ pr) | H93: 0 | I93: =I69 -> 7 | J93: =J69 -> 8 | K93: =K69 -> 14 | L93: =L69 -> 16
G94: Overall (gt CWE ⊆ pr) | H94: 0.5 | I94: =I93+I70 -> 14 | J94: =J93+J70 -> 15 | K94: =K93+K70 -> 24 | L94: =L93+L70 -> 35
G95: Overall (gt CWE ⊆ pr) | H95: 1 | I95: =I94+I71 -> 42 | J95: =J94+J71 -> 46 | K95: =K94+K71 -> 48 | L95: =L94+L71 -> 50
G96: Overall (gt CWE ⊆ pr) | H96: 1.5 | I96: =I95+I72 -> 64 | J96: =J95+J72 -> 60 | K96: =K95+K72 -> 71 | L96: =L95+L72 -> 81
B106: Total Number of Records | C106: 328

Sheet Compare with baselines
A1: CWE (SINGLE - FILE) (PE)
B2: Paper Baseline (GPT) | E2: Paper Baseline (LLaMA)
A3: PE (NONE) | B3: 2.61 | D3: PE (NONE) | E3: 0.65
B4: Paper Baseline (GPT) | E4: Paper Baseline (LLaMA)
A5: PE (ROLE) | B5: 0 | D5: PE (ROLE) | E5: 7.52
B6: Paper Baseline (GPT) | E6: Paper Baseline (LLaMA)
A7: PE (COT) | B7: 10.78 | D7: PE (COT) | E7: 1.34
A9: CWE (SINGLE - METHOD) (PE)
B10: Paper Baseline (GPT) | E10: Paper Baseline (LLaMA)
A11: PE (NONE) | B11: 3.91 | D11: PE (NONE) | E11: 1.32
B12: Paper Baseline (GPT) | E12: Paper Baseline (LLaMA)
A13: PE (ROLE) | B13: 0 | D13: PE (ROLE) | E13: 3.82
B14: Paper Baseline (GPT) | E14: Paper Baseline (LLaMA)
A15: PE (COT) | B15: 12.28 | D15: PE (COT) | E15: 5.08
A17: CWE (MULTI - FILE) (PE)
B18: Paper Baseline (GPT) | E18: Paper Baseline (LLaMA)
A19: PE (NONE) | B19: 3.39 | D19: PE (NONE) | E19: 0.65
B20: Paper Baseline (GPT) | E20: Paper Baseline (LLaMA)
A21: PE (ROLE) | B21: 0 | D21: PE (ROLE) | E21: 7.76
B22: Paper Baseline (GPT) | E22: Paper Baseline (LLaMA)
A23: PE (COT) | B23: 8.33 | D23: PE (COT) | E23: 1.34
A25: CWE (MULTI - METHOD) (PE)
B26: Paper Baseline (GPT) | E26: Paper Baseline (LLaMA)
A27: PE (NONE) | B27: 0 | D27: PE (NONE) | E27: 0.66
B28: Paper Baseline (GPT) | E28: Paper Baseline (LLaMA)
A29: PE (ROLE) | B29: 0 | D29: PE (ROLE) | E29: 6.13
B30: Paper Baseline (GPT) | E30: Paper Baseline (LLaMA)
A31: PE (COT) | B31: 10.12 | D31: PE (COT) | E31: 6.06
A34: Severity Label - Baseline 1 (severity generator with ICL) (SLA)
B35: Paper Baseline (GPT) | E35: Paper Baseline (LLaMA)
A36: SLA | B36: 37.5 | E36: 40.85
